{
  "name": "mbt2018",
  "description": "Inference (ans)",
  "results": {

    "MSE": [
      0.02581,
      0.02608,
      0.02574,
      0.02586,
      0.02577
    ],

    "z500": [
      33.13,
      31.29,
      31.39,
      31.89,
      32.64



    ],
    "t850": [
      0.68,
      0.65,
      0.65,
      0.66,
      0.65

    ],
    "u10": [
      0.62,
      0.62,
      0.62,
      0.62,
      0.62
    ],
    "msl": [
      37.42,
      36.93,
      36.82,
      36.69,
      36.60
    ],




    "bpsp": [
      0.10613,
      0.11382,
      0.11830,
      0.12061,
      0.12211

    ],
    "encoding_time": [
      0.09826,
      0.09865,
      0.09889,
      0.09882,
      0.10016
    ],
    "decoding_time": [
      0.03473,
      0.03431,
      0.03502,
      0.03455,
      0.03499


    ]
  }
}