{
  "name": "VIVT-69dim",
  "description": "Inference (ans)",
  "results": {

    "MSE": [
      0.01153,
      0.01147,
      0.01145,
      0.01145,
      0.01143
    ],

    "z500": [
      33.13,
      31.29,
      31.39,
      31.89,
      32.64



    ],
    "t850": [
      0.68,
      0.65,
      0.65,
      0.66,
      0.65

    ],
    "u10": [
      0.62,
      0.62,
      0.62,
      0.62,
      0.62
    ],
    "msl": [
      37.42,
      36.93,
      36.82,
      36.69,
      36.60
    ],




    "bpsp": [
      0.1394,
      0.14006,
      0.14121,
      0.14472,
      0.15687

    ],
    "encoding_time": [
      0.09826,
      0.09865,
      0.09889,
      0.09882,
      0.10016
    ],
    "decoding_time": [
      0.03473,
      0.03431,
      0.03502,
      0.03455,
      0.03499


    ]
  }
}