{"mean": {"v10": 0.1891967290269337, "u10": -0.04959603072057939, "t2m": 278.4916129066795, "msl": 100956.59636842643,"sp": 96646.89704770593, "u100": 0.027361132709713677, "v100": 0.1909169459105559, "tisr": 1074058.541180476, "tcc": 0.6750757826544524, "tp": 0.0989824336996673, "tp1h": 0.0989824336996673, "tp2h": 0.19796495228078329, "tp3h": 0.2969476389257419, "tp4h": 0.39593034585976483, "tp5h": 0.494913428507109, "tp6h": 0.5938965440938924,"ssr": 466079.9721847425, "ssr1h": 466087.8457664395, "ssr6h": 2796526.971696792}, "std": {"v10": 4.764288381746439, "u10": 5.545988031235574, "t2m": 21.28296546562788, "msl": 1334.8954331832485,"sp": 9584.490615589239, "u100": 6.915008212915259, "v100": 6.051342307709235, "tisr": 1439157.0513761658, "tcc": 0.3650536320348409, "tp": 0.37674129774593407, "tp1h": 0.37674129774593407, "tp2h": 0.7200229327357831, "tp3h": 0.9971130388771341, "tp4h": 1.222116429505438, "tp5h": 1.410075310165178, "tp6h": 1.5731802126254537,"ssr": 795324.7607522316, "ssr1h": 795335.6814653067, "ssr6h": 4230491.62506635}, "count": 62821}
