{"mean": {"z_overall": 124702.75430153236, "z": [736.7317577949905, 2783.196616804988, 4874.681070086542, 7014.122864623538, 9204.311314712628, 11448.364816334597, 13749.454970086112, 16110.673757145805, 18535.03147083459, 21025.49995174788, 23585.46956332279, 28929.510829411425, 34601.768538723016, 40649.35466295061, 47131.01254768037, 54117.04993111626, 61695.55115333892, 69983.26070663557, 79142.70448911992, 89418.90300404707, 101228.71010241403, 107926.49150537855, 115335.93266831542, 123651.6018200522, 133147.04015501402, 144237.89778572205, 157646.6388812057, 178993.17458085218, 199369.62687188547, 230823.33334120954, 256232.66121574593, 300695.0778829981, 324168.5394379459, 346870.1571324657, 382685.1414539926, 412235.42046250467, 464017.8088318392], "q_overall": 0.001765489924331599, "q": [0.007029685659139235, 0.006860594560803505, 0.006526441528089014, 0.006034371327672633, 0.005542707167613476, 0.005060789229294643, 0.004579051684545718, 0.004121452285776983, 0.0037145162701341518, 0.0033528185827319213, 0.003020565337234099, 0.00243644174914207, 0.001947734642026938, 0.001544428833324569, 0.0011880017669537606, 0.000856290765836541, 0.0005896499960185069, 0.0003875031875728137, 0.00023587749774515426, 0.00012787119817458278, 5.796605865810112e-05, 3.51354183890791e-05, 1.9498174882838722e-05, 1.0081324437487603e-05, 5.281167617324987e-06, 3.283033656962689e-06, 2.6412698266241045e-06, 2.595269298838209e-06, 2.6815312134231668e-06, 2.8590176945952203e-06, 2.9988533420200897e-06, 3.2130756272352977e-06, 3.3252721002998405e-06, 3.43563886675271e-06, 3.598385508847689e-06, 3.7137979521337873e-06, 3.878538882090807e-06], "u_overall": 6.285060846336466, "u": [-0.03236488838745501, 0.19681053366465806, 0.3964731678874413, 0.6204901571354765, 0.8686747967702815, 1.1336519112057701, 1.4162851830548278, 1.715868152835398, 2.024652517352261, 2.3405442117498603, 2.6648572947281295, 3.3369291319576755, 4.049720254718416, 4.804567289504988, 5.63104458226473, 6.549937620850814, 7.5937174154962515, 8.797694921778056, 10.189897857554302, 11.772956796089558, 13.316418730949426, 13.887428250369522, 14.184185526492898, 14.097436435455542, 13.530518916375048, 12.327114655544491, 10.286809672496453, 7.390164411497196, 5.680843428365613, 3.9632605928914906, 3.6484589478429346, 4.734262905358213, 5.532620176469892, 6.28111902961186, 7.692261211758578, 8.878847560448028, 11.043091225492239], "v_overall": 0.03143677345122747, "v": [0.1868135442760433, 0.18705952540834056, 0.19922709038791722, 0.20524078309711638, 0.19330223116405376, 0.16757766924373282, 0.14255844012721366, 0.12342624301807661, 0.10486759914755689, 0.08446051247262512, 0.06329102159038323, 0.02168174133416645, -0.011754972789534529, -0.027529399212258207, -0.031097316536766874, -0.024702078184595945, -0.022265765449254984, -0.019344541154854636, -0.018570296820429124, -0.024491880997546973, -0.03227109079901753, -0.040773575426128396, -0.04768650156264631, -0.05726437357504162, -0.03884864739076346, -0.004874347651750208, 0.012278388097392618, 0.007416319647993845, 0.0034030962515741825, 0.006636246252797091, 0.004987790457035983, -0.007122325048024916, -0.015080972741495256, -0.02179607262760333, -0.02343817985649915, -0.015470104977096206, -0.06668519400997248], "t_overall": 246.54249549120405, "t": [281.0246535114033, 279.60666588277707, 278.4028753230658, 277.36843202997346, 276.40298793803623, 275.48052419812683, 274.56806541553766, 273.6099241206331, 272.5551096895471, 271.3906602787738, 270.1383287904028, 267.40088476872705, 264.4357375456142, 261.1460888638621, 257.3598516512779, 252.96333099145173, 247.92274336284243, 242.15915495539318, 235.6930319890712, 228.88881743526397, 222.78250445482536, 220.28505410639667, 218.06149584314068, 215.84321134878724, 213.31579804148353, 210.5810846741134, 208.3863358255861, 209.45842600305212, 212.42608932203888, 216.50166111232588, 220.12013493837244, 227.0263520185816, 231.84045474692977, 238.47391344733123, 250.0301755027488, 257.2471622368599, 261.1745685667196], "r_overall": 41.03395197240099, "r": [78.538581239333, 80.51344146342315, 80.88417968018949, 79.04625351373049, 76.22350312663797, 72.84748628164942, 69.10827546289784, 65.45673978450212, 62.41940605179482, 60.04894829090896, 58.093534935989695, 55.00916804360433, 52.86493035964066, 51.59174238739222, 50.77244397566561, 50.41283616187602, 51.01437161439044, 52.56718889889443, 54.25248825116472, 53.74654305661909, 47.205818721504, 41.780609769031045, 35.6584209273571, 30.134669621734858, 26.8227557777719, 26.3282189863716, 26.345223027274837, 12.779735146513714, 6.575121266181416, 4.654454899483971, 3.350879751594268, 0.8184381935549963, 0.2837414987177663, 0.08696834605378519, 0.016063286364773065, 0.0055575517480793025, 0.0011582139499305949], "w_overall": 0.004241247206495952, "w": [0.021054497026665255, 0.02095700284334721, 0.019501434629904696, 0.01762201934508495, 0.015752712548630445, 0.013810971651918132, 0.011900959677982529, 0.010126544661587057, 0.008492453820263972, 0.006935239134442986, 0.005364221621694785, 0.002781014877687812, 0.0007595094659520657, 0.00038705526041050336, 0.00034387543994563894, 0.0003462620992031607, 0.00034007474468159617, 0.0003006191956977533, 0.00022002104224983656, 0.00011911622162882517, 3.642195907131606e-05, 2.3907009123250824e-05, 2.708683816397246e-05, 3.3824574159565046e-05, 2.823610585272927e-05, 8.367763625559905e-06, -1.7508758597691563e-05, -4.565627667366855e-05, -5.553581222737723e-05, -5.831166399425679e-05, -5.499506524531294e-05, -3.948788064233829e-05, -3.058075470361146e-05, -2.2872301438451152e-05, -1.339750376541925e-05, -7.556638953642621e-06, -1.3998122228428844e-06]}, "std": {"z_overall": 128635.40625190373, "z": [1074.9199020806243, 1116.5553008600796, 1169.3320325984032, 1232.4089579327479, 1304.7371206781352, 1385.5244648729285, 1474.2017982150333, 1570.211760656838, 1672.9071245238404, 1781.6094917453127, 1896.0086777028, 2141.4810516984885, 2410.941622642112, 2702.2786981064755, 3016.7551331254726, 3360.471981740866, 3739.697852030404, 4158.920994614597, 4618.1659308102, 5101.660075378283, 5547.829936635138, 5719.502697637118, 5833.915395494301, 5878.654580633715, 5842.4527389603, 5718.619171454129, 5537.9530506878555, 5502.989574572923, 5910.056826569052, 6986.095220638188, 8031.563911142378, 10002.26670192804, 11052.39235064344, 12045.625025065805, 13621.7087192805, 14968.050582797214, 17140.762899152232], "q_overall": 0.0034994260624992943, "q": [0.005914419774424922, 0.0057980433642540454, 0.0055058064077654, 0.005073961520515164, 0.004712308018994065, 0.004403646049879429, 0.004117046343069407, 0.0038447160799477127, 0.003581334156759417, 0.003319478461943639, 0.0030588343626890852, 0.0025571967034993836, 0.00211979343458242, 0.0017741358110583878, 0.0014578445552068254, 0.0010849351306180838, 0.0007646773587122276, 0.0005117846897917297, 0.0003150066702086382, 0.0001694515258900334, 7.491947249309529e-05, 4.4071028260539856e-05, 2.2839891216096137e-05, 1.0209279167121735e-05, 3.8235403884289174e-06, 1.207105376071198e-06, 5.745443423940812e-07, 4.0826806846864276e-07, 3.6192002581501286e-07, 3.0720351584967954e-07, 3.0152315822398657e-07, 3.429672791483398e-07, 3.3794290411857563e-07, 3.17006617462003e-07, 2.67645120097118e-07, 2.1720797746415914e-07, 1.4725095954887148e-07], "u_overall": 18.03226038930771,